Terrain,Mean Exponent,Std Exponent,P-value (vs flat),T-statistic (vs flat)
amputate_L3,0.6753432146832355,0.06501245741955136,0.6356317155827879,0.5040715411324402
amputate_R2,0.5861670519261405,0.09382712704360135,0.3493454171346246,-1.032086190979902
amputate_R2_L2,0.6293389727970548,0.04365116972350944,0.6836376686708998,-0.4321455345750839
amputate_R3_L3,0.2645600925778478,0.09418644967655973,0.001506461560783087,-6.277604245216882
flat,0.6492860759758179,0.06940542528529443,,
terrain,0.08645716314975382,0.22304893954805838,0.001955647727756766,-4.804700766755411
